{"ast_type":"Module","body":[{"ast_type":"Assign","col_offset":0,"lineno":1,"targets":[{"ast_type":"Name","col_offset":0,"ctx":{"ast_type":"Store"},"id":"a","lineno":1}],"value":{"ast_type":"Str","col_offset":2,"lineno":1,"s":""}},{"ast_type":"Assign","col_offset":0,"lineno":2,"targets":[{"ast_type":"Name","col_offset":0,"ctx":{"ast_type":"Store"},"id":"b","lineno":2}],"value":{"args":[],"ast_type":"Call","col_offset":2,"func":{"ast_type":"Name","col_offset":2,"ctx":{"ast_type":"Load"},"id":"c","lineno":2},"keywords":[],"kwargs":null,"lineno":2,"starargs":null}},{"ast_type":"Expr","col_offset":0,"lineno":3,"value":{"args":[{"ast_type":"Name","col_offset":2,"ctx":{"ast_type":"Load"},"id":"a","lineno":3}],"ast_type":"Call","col_offset":0,"func":{"ast_type":"Name","col_offset":0,"ctx":{"ast_type":"Load"},"id":"d","lineno":3},"keywords":[],"kwargs":null,"lineno":3,"starargs":null}},{"ast_type":"Expr","col_offset":0,"lineno":4,"value":{"args":[{"ast_type":"Name","col_offset":2,"ctx":{"ast_type":"Load"},"id":"b","lineno":4}],"ast_type":"Call","col_offset":0,"func":{"ast_type":"Name","col_offset":0,"ctx":{"ast_type":"Load"},"id":"e","lineno":4},"keywords":[],"kwargs":null,"lineno":4,"starargs":null}}]}
