{"ast_type":"Module","body":[{"ast_type":"Assign","col_offset":0,"lineno":1,"targets":[{"ast_type":"Name","col_offset":0,"ctx":{"ast_type":"Store"},"id":"a","lineno":1}],"value":{"ast_type":"Str","col_offset":2,"lineno":1,"s":""}},{"ast_type":"Assign","col_offset":0,"lineno":2,"targets":[{"ast_type":"Name","col_offset":0,"ctx":{"ast_type":"Store"},"id":"a","lineno":2}],"value":{"args":[],"ast_type":"Call","col_offset":2,"func":{"ast_type":"Name","col_offset":2,"ctx":{"ast_type":"Load"},"id":"b","lineno":2},"keywords":[],"kwargs":null,"lineno":2,"starargs":null}},{"ast_type":"Assign","col_offset":0,"lineno":3,"targets":[{"ast_type":"Name","col_offset":0,"ctx":{"ast_type":"Store"},"id":"c","lineno":3}],"value":{"ast_type":"Name","col_offset":2,"ctx":{"ast_type":"Load"},"id":"a","lineno":3}},{"ast_type":"Assign","col_offset":0,"lineno":4,"targets":[{"ast_type":"Name","col_offset":0,"ctx":{"ast_type":"Store"},"id":"d","lineno":4}],"value":{"ast_type":"Name","col_offset":2,"ctx":{"ast_type":"Load"},"id":"c","lineno":4}},{"ast_type":"Expr","col_offset":0,"lineno":5,"value":{"args":[{"ast_type":"Name","col_offset":2,"ctx":{"ast_type":"Load"},"id":"d","lineno":5}],"ast_type":"Call","col_offset":0,"func":{"ast_type":"Name","col_offset":0,"ctx":{"ast_type":"Load"},"id":"e","lineno":5},"keywords":[],"kwargs":null,"lineno":5,"starargs":null}},{"ast_type":"Assign","col_offset":0,"lineno":6,"targets":[{"ast_type":"Name","col_offset":0,"ctx":{"ast_type":"Store"},"id":"c","lineno":6}],"value":{"ast_type":"Str","col_offset":2,"lineno":6,"s":""}}]}
