{
    "ast_type": "Module",
    "body": [
        {
            "ast_type": "Assign",
            "col_offset": 0,
            "end_col_offset": 4,
            "end_lineno": 1,
            "lineno": 1,
            "targets": [
                {
                    "ast_type": "Name",
                    "col_offset": 0,
                    "ctx": {
                        "ast_type": "Store"
                    },
                    "end_col_offset": 1,
                    "end_lineno": 1,
                    "id": "a",
                    "lineno": 1
                }
            ],
            "type_comment": null,
            "value": {
                "ast_type": "Constant",
                "col_offset": 2,
                "end_col_offset": 4,
                "end_lineno": 1,
                "kind": null,
                "lineno": 1,
                "value": ""
            }
        },
        {
            "ast_type": "Assign",
            "col_offset": 0,
            "end_col_offset": 5,
            "end_lineno": 2,
            "lineno": 2,
            "targets": [
                {
                    "ast_type": "Name",
                    "col_offset": 0,
                    "ctx": {
                        "ast_type": "Store"
                    },
                    "end_col_offset": 1,
                    "end_lineno": 2,
                    "id": "a",
                    "lineno": 2
                }
            ],
            "type_comment": null,
            "value": {
                "args": [],
                "ast_type": "Call",
                "col_offset": 2,
                "end_col_offset": 5,
                "end_lineno": 2,
                "func": {
                    "ast_type": "Name",
                    "col_offset": 2,
                    "ctx": {
                        "ast_type": "Load"
                    },
                    "end_col_offset": 3,
                    "end_lineno": 2,
                    "id": "b",
                    "lineno": 2
                },
                "keywords": [],
                "lineno": 2
            }
        },
        {
            "ast_type": "Assign",
            "col_offset": 0,
            "end_col_offset": 3,
            "end_lineno": 3,
            "lineno": 3,
            "targets": [
                {
                    "ast_type": "Name",
                    "col_offset": 0,
                    "ctx": {
                        "ast_type": "Store"
                    },
                    "end_col_offset": 1,
                    "end_lineno": 3,
                    "id": "c",
                    "lineno": 3
                }
            ],
            "type_comment": null,
            "value": {
                "ast_type": "Name",
                "col_offset": 2,
                "ctx": {
                    "ast_type": "Load"
                },
                "end_col_offset": 3,
                "end_lineno": 3,
                "id": "a",
                "lineno": 3
            }
        },
        {
            "ast_type": "Assign",
            "col_offset": 0,
            "end_col_offset": 3,
            "end_lineno": 4,
            "lineno": 4,
            "targets": [
                {
                    "ast_type": "Name",
                    "col_offset": 0,
                    "ctx": {
                        "ast_type": "Store"
                    },
                    "end_col_offset": 1,
                    "end_lineno": 4,
                    "id": "d",
                    "lineno": 4
                }
            ],
            "type_comment": null,
            "value": {
                "ast_type": "Name",
                "col_offset": 2,
                "ctx": {
                    "ast_type": "Load"
                },
                "end_col_offset": 3,
                "end_lineno": 4,
                "id": "c",
                "lineno": 4
            }
        },
        {
            "ast_type": "Expr",
            "col_offset": 0,
            "end_col_offset": 4,
            "end_lineno": 5,
            "lineno": 5,
            "value": {
                "args": [
                    {
                        "ast_type": "Name",
                        "col_offset": 2,
                        "ctx": {
                            "ast_type": "Load"
                        },
                        "end_col_offset": 3,
                        "end_lineno": 5,
                        "id": "d",
                        "lineno": 5
                    }
                ],
                "ast_type": "Call",
                "col_offset": 0,
                "end_col_offset": 4,
                "end_lineno": 5,
                "func": {
                    "ast_type": "Name",
                    "col_offset": 0,
                    "ctx": {
                        "ast_type": "Load"
                    },
                    "end_col_offset": 1,
                    "end_lineno": 5,
                    "id": "e",
                    "lineno": 5
                },
                "keywords": [],
                "lineno": 5
            }
        },
        {
            "ast_type": "Assign",
            "col_offset": 0,
            "end_col_offset": 4,
            "end_lineno": 6,
            "lineno": 6,
            "targets": [
                {
                    "ast_type": "Name",
                    "col_offset": 0,
                    "ctx": {
                        "ast_type": "Store"
                    },
                    "end_col_offset": 1,
                    "end_lineno": 6,
                    "id": "c",
                    "lineno": 6
                }
            ],
            "type_comment": null,
            "value": {
                "ast_type": "Constant",
                "col_offset": 2,
                "end_col_offset": 4,
                "end_lineno": 6,
                "kind": null,
                "lineno": 6,
                "value": ""
            }
        }
    ],
    "type_ignores": []
}
