{"ast_type":"Module","body":[{"ast_type":"If","body":[{"ast_type":"Assign","col_offset":3,"lineno":2,"targets":[{"ast_type":"Name","col_offset":3,"ctx":{"ast_type":"Store"},"id":"a","lineno":2}],"value":{"args":[],"ast_type":"Call","col_offset":5,"func":{"ast_type":"Name","col_offset":5,"ctx":{"ast_type":"Load"},"id":"b","lineno":2},"keywords":[],"kwargs":null,"lineno":2,"starargs":null}},{"ast_type":"If","body":[{"ast_type":"Assign","col_offset":6,"lineno":4,"targets":[{"ast_type":"Name","col_offset":6,"ctx":{"ast_type":"Store"},"id":"a","lineno":4}],"value":{"args":[{"ast_type":"Name","col_offset":10,"ctx":{"ast_type":"Load"},"id":"a","lineno":4}],"ast_type":"Call","col_offset":8,"func":{"ast_type":"Name","col_offset":8,"ctx":{"ast_type":"Load"},"id":"f","lineno":4},"keywords":[],"kwargs":null,"lineno":4,"starargs":null}}],"col_offset":3,"lineno":3,"orelse":[{"ast_type":"Assign","col_offset":6,"lineno":6,"targets":[{"ast_type":"Name","col_offset":6,"ctx":{"ast_type":"Store"},"id":"c","lineno":6}],"value":{"args":[{"ast_type":"Name","col_offset":10,"ctx":{"ast_type":"Load"},"id":"a","lineno":6}],"ast_type":"Call","col_offset":8,"func":{"ast_type":"Name","col_offset":8,"ctx":{"ast_type":"Load"},"id":"d","lineno":6},"keywords":[],"kwargs":null,"lineno":6,"starargs":null}}],"test":{"ast_type":"Compare","col_offset":7,"comparators":[{"ast_type":"Num","col_offset":9,"lineno":3,"n":{"ast_type":"int","n":3,"n_str":"3"}}],"left":{"ast_type":"Name","col_offset":7,"ctx":{"ast_type":"Load"},"id":"c","lineno":3},"lineno":3,"ops":[{"ast_type":"Lt"}]}}],"col_offset":0,"lineno":1,"orelse":[],"test":{"ast_type":"Compare","col_offset":3,"comparators":[{"ast_type":"Num","col_offset":5,"lineno":1,"n":{"ast_type":"int","n":0,"n_str":"0"}}],"left":{"ast_type":"Name","col_offset":3,"ctx":{"ast_type":"Load"},"id":"c","lineno":1},"lineno":1,"ops":[{"ast_type":"Gt"}]}},{"ast_type":"Expr","col_offset":0,"lineno":7,"value":{"args":[{"ast_type":"Name","col_offset":2,"ctx":{"ast_type":"Load"},"id":"a","lineno":7},{"ast_type":"Name","col_offset":4,"ctx":{"ast_type":"Load"},"id":"c","lineno":7}],"ast_type":"Call","col_offset":0,"func":{"ast_type":"Name","col_offset":0,"ctx":{"ast_type":"Load"},"id":"e","lineno":7},"keywords":[],"kwargs":null,"lineno":7,"starargs":null}}]}
