{"ast_type":"Module","body":[{"ast_type":"Assign","col_offset":0,"lineno":1,"targets":[{"ast_type":"Name","col_offset":0,"ctx":{"ast_type":"Store"},"id":"a","lineno":1}],"value":{"args":[],"ast_type":"Call","col_offset":2,"func":{"ast_type":"Name","col_offset":2,"ctx":{"ast_type":"Load"},"id":"b","lineno":1},"keywords":[],"kwargs":null,"lineno":1,"starargs":null}},{"ast_type":"If","body":[{"ast_type":"Assign","col_offset":4,"lineno":3,"targets":[{"ast_type":"Name","col_offset":4,"ctx":{"ast_type":"Store"},"id":"a","lineno":3}],"value":{"ast_type":"Str","col_offset":8,"lineno":3,"s":""}},{"ast_type":"Assign","col_offset":4,"lineno":4,"targets":[{"ast_type":"Name","col_offset":4,"ctx":{"ast_type":"Store"},"id":"d","lineno":4}],"value":{"args":[],"ast_type":"Call","col_offset":8,"func":{"ast_type":"Name","col_offset":8,"ctx":{"ast_type":"Load"},"id":"t","lineno":4},"keywords":[],"kwargs":null,"lineno":4,"starargs":null}}],"col_offset":0,"lineno":2,"orelse":[{"ast_type":"Assign","col_offset":4,"lineno":6,"targets":[{"ast_type":"Name","col_offset":4,"ctx":{"ast_type":"Store"},"id":"a","lineno":6}],"value":{"args":[{"ast_type":"Name","col_offset":8,"ctx":{"ast_type":"Load"},"id":"a","lineno":6},{"ast_type":"Name","col_offset":10,"ctx":{"ast_type":"Load"},"id":"d","lineno":6}],"ast_type":"Call","col_offset":6,"func":{"ast_type":"Name","col_offset":6,"ctx":{"ast_type":"Load"},"id":"c","lineno":6},"keywords":[],"kwargs":null,"lineno":6,"starargs":null}}],"test":{"ast_type":"Compare","col_offset":4,"comparators":[{"ast_type":"Num","col_offset":9,"lineno":2,"n":{"ast_type":"int","n":0,"n_str":"0"}}],"left":{"ast_type":"Name","col_offset":4,"ctx":{"ast_type":"Load"},"id":"g","lineno":2},"lineno":2,"ops":[{"ast_type":"Eq"}]}},{"ast_type":"Expr","col_offset":0,"lineno":7,"value":{"args":[{"ast_type":"Name","col_offset":2,"ctx":{"ast_type":"Load"},"id":"a","lineno":7},{"ast_type":"Name","col_offset":4,"ctx":{"ast_type":"Load"},"id":"d","lineno":7}],"ast_type":"Call","col_offset":0,"func":{"ast_type":"Name","col_offset":0,"ctx":{"ast_type":"Load"},"id":"e","lineno":7},"keywords":[],"kwargs":null,"lineno":7,"starargs":null}}]}
