[{"vulnerability": "B_1", "source": "d", "sink": "a", "unsanitized flows": "yes", "sanitized flows": []}, {"vulnerability": "A_1", "source": "b", "sink": "e", "unsanitized flows": "yes", "sanitized flows": []}, {"vulnerability": "A_2", "source": "d", "sink": "e", "unsanitized flows": "yes", "sanitized flows": []}, {"vulnerability": "C_1", "source": "a", "sink": "e", "unsanitized flows": "yes", "sanitized flows": [["c"]]}, {"vulnerability": "C_2", "source": "d", "sink": "e", "unsanitized flows": "yes", "sanitized flows": [["c"]]}]
