{"ast_type":"Module","body":[{"ast_type":"Assign","col_offset":0,"lineno":1,"targets":[{"ast_type":"Name","col_offset":0,"ctx":{"ast_type":"Store"},"id":"a","lineno":1}],"value":{"args":[{"ast_type":"Str","col_offset":4,"lineno":1,"s":"nis"}],"ast_type":"Call","col_offset":2,"func":{"ast_type":"Name","col_offset":2,"ctx":{"ast_type":"Load"},"id":"b","lineno":1},"keywords":[],"kwargs":null,"lineno":1,"starargs":null}},{"ast_type":"While","body":[{"ast_type":"Assign","col_offset":4,"lineno":3,"targets":[{"ast_type":"Name","col_offset":4,"ctx":{"ast_type":"Store"},"id":"c","lineno":3}],"value":{"args":[{"ast_type":"Name","col_offset":10,"ctx":{"ast_type":"Load"},"id":"a","lineno":3}],"ast_type":"Call","col_offset":8,"func":{"ast_type":"Name","col_offset":8,"ctx":{"ast_type":"Load"},"id":"d","lineno":3},"keywords":[],"kwargs":null,"lineno":3,"starargs":null}},{"ast_type":"Assign","col_offset":4,"lineno":4,"targets":[{"ast_type":"Name","col_offset":4,"ctx":{"ast_type":"Store"},"id":"e","lineno":4}],"value":{"args":[{"ast_type":"Name","col_offset":10,"ctx":{"ast_type":"Load"},"id":"c","lineno":4}],"ast_type":"Call","col_offset":8,"func":{"ast_type":"Name","col_offset":8,"ctx":{"ast_type":"Load"},"id":"f","lineno":4},"keywords":[],"kwargs":null,"lineno":4,"starargs":null}},{"ast_type":"Assign","col_offset":4,"lineno":5,"targets":[{"ast_type":"Name","col_offset":4,"ctx":{"ast_type":"Store"},"id":"a","lineno":5}],"value":{"ast_type":"Name","col_offset":8,"ctx":{"ast_type":"Load"},"id":"e","lineno":5}}],"col_offset":0,"lineno":2,"orelse":[],"test":{"ast_type":"Compare","col_offset":7,"comparators":[{"ast_type":"Str","col_offset":12,"lineno":2,"s":""}],"left":{"ast_type":"Name","col_offset":7,"ctx":{"ast_type":"Load"},"id":"e","lineno":2},"lineno":2,"ops":[{"ast_type":"Eq"}]}},{"ast_type":"Assign","col_offset":0,"lineno":6,"targets":[{"ast_type":"Name","col_offset":0,"ctx":{"ast_type":"Store"},"id":"g","lineno":6}],"value":{"args":[{"ast_type":"Name","col_offset":6,"ctx":{"ast_type":"Load"},"id":"a","lineno":6}],"ast_type":"Call","col_offset":4,"func":{"ast_type":"Name","col_offset":4,"ctx":{"ast_type":"Load"},"id":"h","lineno":6},"keywords":[],"kwargs":null,"lineno":6,"starargs":null}}]}
