{"ast_type":"Module","body":[{"ast_type":"Assign","col_offset":0,"lineno":1,"targets":[{"ast_type":"Name","col_offset":0,"ctx":{"ast_type":"Store"},"id":"a","lineno":1}],"value":{"args":[{"ast_type":"Str","col_offset":4,"lineno":1,"s":"nis"}],"ast_type":"Call","col_offset":2,"func":{"ast_type":"Name","col_offset":2,"ctx":{"ast_type":"Load"},"id":"b","lineno":1},"keywords":[],"kwargs":null,"lineno":1,"starargs":null}},{"ast_type":"Assign","col_offset":0,"lineno":2,"targets":[{"ast_type":"Name","col_offset":0,"ctx":{"ast_type":"Store"},"id":"c","lineno":2}],"value":{"ast_type":"Str","col_offset":2,"lineno":2,"s":""}},{"ast_type":"Assign","col_offset":0,"lineno":3,"targets":[{"ast_type":"Name","col_offset":0,"ctx":{"ast_type":"Store"},"id":"d","lineno":3}],"value":{"ast_type":"Str","col_offset":2,"lineno":3,"s":""}},{"ast_type":"While","body":[{"ast_type":"Assign","col_offset":4,"lineno":5,"targets":[{"ast_type":"Name","col_offset":4,"ctx":{"ast_type":"Store"},"id":"c","lineno":5}],"value":{"ast_type":"Name","col_offset":8,"ctx":{"ast_type":"Load"},"id":"d","lineno":5}},{"ast_type":"If","body":[{"ast_type":"Assign","col_offset":8,"lineno":7,"targets":[{"ast_type":"Name","col_offset":8,"ctx":{"ast_type":"Store"},"id":"d","lineno":7}],"value":{"ast_type":"Name","col_offset":12,"ctx":{"ast_type":"Load"},"id":"a","lineno":7}}],"col_offset":4,"lineno":6,"orelse":[],"test":{"ast_type":"Compare","col_offset":8,"comparators":[{"ast_type":"Num","col_offset":13,"lineno":6,"n":{"ast_type":"int","n":33,"n_str":"33"}}],"left":{"ast_type":"Name","col_offset":8,"ctx":{"ast_type":"Load"},"id":"x","lineno":6},"lineno":6,"ops":[{"ast_type":"Eq"}]}},{"ast_type":"Assign","col_offset":4,"lineno":8,"targets":[{"ast_type":"Name","col_offset":4,"ctx":{"ast_type":"Store"},"id":"a","lineno":8}],"value":{"args":[{"ast_type":"BinOp","col_offset":10,"left":{"ast_type":"Name","col_offset":10,"ctx":{"ast_type":"Load"},"id":"a","lineno":8},"lineno":8,"op":{"ast_type":"Add"},"right":{"ast_type":"Num","col_offset":12,"lineno":8,"n":{"ast_type":"int","n":1,"n_str":"1"}}}],"ast_type":"Call","col_offset":8,"func":{"ast_type":"Name","col_offset":8,"ctx":{"ast_type":"Load"},"id":"s","lineno":8},"keywords":[],"kwargs":null,"lineno":8,"starargs":null}}],"col_offset":0,"lineno":4,"orelse":[],"test":{"ast_type":"Compare","col_offset":7,"comparators":[{"ast_type":"Str","col_offset":12,"lineno":4,"s":""}],"left":{"ast_type":"Name","col_offset":7,"ctx":{"ast_type":"Load"},"id":"e","lineno":4},"lineno":4,"ops":[{"ast_type":"Eq"}]}},{"ast_type":"Assign","col_offset":0,"lineno":9,"targets":[{"ast_type":"Name","col_offset":0,"ctx":{"ast_type":"Store"},"id":"q","lineno":9}],"value":{"args":[{"ast_type":"Name","col_offset":4,"ctx":{"ast_type":"Load"},"id":"c","lineno":9}],"ast_type":"Call","col_offset":2,"func":{"ast_type":"Name","col_offset":2,"ctx":{"ast_type":"Load"},"id":"z","lineno":9},"keywords":[],"kwargs":null,"lineno":9,"starargs":null}}]}
