{
    "ast_type": "Module",
    "body": [
        {
            "ast_type": "Assign",
            "col_offset": 0,
            "end_col_offset": 10,
            "end_lineno": 1,
            "lineno": 1,
            "targets": [
                {
                    "ast_type": "Name",
                    "col_offset": 0,
                    "ctx": {
                        "ast_type": "Store"
                    },
                    "end_col_offset": 1,
                    "end_lineno": 1,
                    "id": "a",
                    "lineno": 1
                }
            ],
            "type_comment": null,
            "value": {
                "args": [
                    {
                        "ast_type": "Constant",
                        "col_offset": 4,
                        "end_col_offset": 9,
                        "end_lineno": 1,
                        "kind": null,
                        "lineno": 1,
                        "value": "nis"
                    }
                ],
                "ast_type": "Call",
                "col_offset": 2,
                "end_col_offset": 10,
                "end_lineno": 1,
                "func": {
                    "ast_type": "Name",
                    "col_offset": 2,
                    "ctx": {
                        "ast_type": "Load"
                    },
                    "end_col_offset": 3,
                    "end_lineno": 1,
                    "id": "b",
                    "lineno": 1
                },
                "keywords": [],
                "lineno": 1
            }
        },
        {
            "ast_type": "While",
            "body": [
                {
                    "ast_type": "If",
                    "body": [
                        {
                            "ast_type": "Assign",
                            "col_offset": 8,
                            "end_col_offset": 18,
                            "end_lineno": 4,
                            "lineno": 4,
                            "targets": [
                                {
                                    "ast_type": "Name",
                                    "col_offset": 8,
                                    "ctx": {
                                        "ast_type": "Store"
                                    },
                                    "end_col_offset": 9,
                                    "end_lineno": 4,
                                    "id": "c",
                                    "lineno": 4
                                }
                            ],
                            "type_comment": null,
                            "value": {
                                "args": [
                                    {
                                        "ast_type": "Name",
                                        "col_offset": 14,
                                        "ctx": {
                                            "ast_type": "Load"
                                        },
                                        "end_col_offset": 15,
                                        "end_lineno": 4,
                                        "id": "a",
                                        "lineno": 4
                                    },
                                    {
                                        "ast_type": "Constant",
                                        "col_offset": 16,
                                        "end_col_offset": 17,
                                        "end_lineno": 4,
                                        "kind": null,
                                        "lineno": 4,
                                        "value": 1
                                    }
                                ],
                                "ast_type": "Call",
                                "col_offset": 12,
                                "end_col_offset": 18,
                                "end_lineno": 4,
                                "func": {
                                    "ast_type": "Name",
                                    "col_offset": 12,
                                    "ctx": {
                                        "ast_type": "Load"
                                    },
                                    "end_col_offset": 13,
                                    "end_lineno": 4,
                                    "id": "s",
                                    "lineno": 4
                                },
                                "keywords": [],
                                "lineno": 4
                            }
                        },
                        {
                            "ast_type": "Break",
                            "col_offset": 8,
                            "end_col_offset": 13,
                            "end_lineno": 5,
                            "lineno": 5
                        }
                    ],
                    "col_offset": 4,
                    "end_col_offset": 13,
                    "end_lineno": 5,
                    "lineno": 3,
                    "orelse": [],
                    "test": {
                        "ast_type": "Compare",
                        "col_offset": 7,
                        "comparators": [
                            {
                                "ast_type": "Name",
                                "col_offset": 10,
                                "ctx": {
                                    "ast_type": "Load"
                                },
                                "end_col_offset": 11,
                                "end_lineno": 3,
                                "id": "a",
                                "lineno": 3
                            }
                        ],
                        "end_col_offset": 11,
                        "end_lineno": 3,
                        "left": {
                            "ast_type": "Name",
                            "col_offset": 7,
                            "ctx": {
                                "ast_type": "Load"
                            },
                            "end_col_offset": 8,
                            "end_lineno": 3,
                            "id": "x",
                            "lineno": 3
                        },
                        "lineno": 3,
                        "ops": [
                            {
                                "ast_type": "Eq"
                            }
                        ]
                    }
                },
                {
                    "ast_type": "Assign",
                    "col_offset": 4,
                    "end_col_offset": 9,
                    "end_lineno": 6,
                    "lineno": 6,
                    "targets": [
                        {
                            "ast_type": "Name",
                            "col_offset": 4,
                            "ctx": {
                                "ast_type": "Store"
                            },
                            "end_col_offset": 5,
                            "end_lineno": 6,
                            "id": "x",
                            "lineno": 6
                        }
                    ],
                    "type_comment": null,
                    "value": {
                        "ast_type": "BinOp",
                        "col_offset": 6,
                        "end_col_offset": 9,
                        "end_lineno": 6,
                        "left": {
                            "ast_type": "Name",
                            "col_offset": 6,
                            "ctx": {
                                "ast_type": "Load"
                            },
                            "end_col_offset": 7,
                            "end_lineno": 6,
                            "id": "x",
                            "lineno": 6
                        },
                        "lineno": 6,
                        "op": {
                            "ast_type": "Add"
                        },
                        "right": {
                            "ast_type": "Constant",
                            "col_offset": 8,
                            "end_col_offset": 9,
                            "end_lineno": 6,
                            "kind": null,
                            "lineno": 6,
                            "value": 1
                        }
                    }
                }
            ],
            "col_offset": 0,
            "end_col_offset": 9,
            "end_lineno": 6,
            "lineno": 2,
            "orelse": [],
            "test": {
                "ast_type": "Name",
                "col_offset": 7,
                "ctx": {
                    "ast_type": "Load"
                },
                "end_col_offset": 11,
                "end_lineno": 2,
                "id": "true",
                "lineno": 2
            }
        },
        {
            "ast_type": "Assign",
            "col_offset": 0,
            "end_col_offset": 6,
            "end_lineno": 7,
            "lineno": 7,
            "targets": [
                {
                    "ast_type": "Name",
                    "col_offset": 0,
                    "ctx": {
                        "ast_type": "Store"
                    },
                    "end_col_offset": 1,
                    "end_lineno": 7,
                    "id": "q",
                    "lineno": 7
                }
            ],
            "type_comment": null,
            "value": {
                "args": [
                    {
                        "ast_type": "Name",
                        "col_offset": 4,
                        "ctx": {
                            "ast_type": "Load"
                        },
                        "end_col_offset": 5,
                        "end_lineno": 7,
                        "id": "c",
                        "lineno": 7
                    }
                ],
                "ast_type": "Call",
                "col_offset": 2,
                "end_col_offset": 6,
                "end_lineno": 7,
                "func": {
                    "ast_type": "Name",
                    "col_offset": 2,
                    "ctx": {
                        "ast_type": "Load"
                    },
                    "end_col_offset": 3,
                    "end_lineno": 7,
                    "id": "z",
                    "lineno": 7
                },
                "keywords": [],
                "lineno": 7
            }
        }
    ],
    "type_ignores": []
}
