{"ast_type":"Module","body":[{"ast_type":"Assign","col_offset":0,"lineno":1,"targets":[{"ast_type":"Name","col_offset":0,"ctx":{"ast_type":"Store"},"id":"a","lineno":1}],"value":{"args":[{"ast_type":"Str","col_offset":4,"lineno":1,"s":"nis"}],"ast_type":"Call","col_offset":2,"func":{"ast_type":"Name","col_offset":2,"ctx":{"ast_type":"Load"},"id":"b","lineno":1},"keywords":[],"kwargs":null,"lineno":1,"starargs":null}},{"ast_type":"While","body":[{"ast_type":"If","body":[{"ast_type":"Assign","col_offset":8,"lineno":4,"targets":[{"ast_type":"Name","col_offset":8,"ctx":{"ast_type":"Store"},"id":"c","lineno":4}],"value":{"args":[{"ast_type":"Name","col_offset":14,"ctx":{"ast_type":"Load"},"id":"a","lineno":4},{"ast_type":"Num","col_offset":16,"lineno":4,"n":{"ast_type":"int","n":1,"n_str":"1"}}],"ast_type":"Call","col_offset":12,"func":{"ast_type":"Name","col_offset":12,"ctx":{"ast_type":"Load"},"id":"s","lineno":4},"keywords":[],"kwargs":null,"lineno":4,"starargs":null}},{"ast_type":"Break","col_offset":8,"lineno":5}],"col_offset":4,"lineno":3,"orelse":[],"test":{"ast_type":"Compare","col_offset":7,"comparators":[{"ast_type":"Name","col_offset":10,"ctx":{"ast_type":"Load"},"id":"a","lineno":3}],"left":{"ast_type":"Name","col_offset":7,"ctx":{"ast_type":"Load"},"id":"x","lineno":3},"lineno":3,"ops":[{"ast_type":"Eq"}]}},{"ast_type":"Assign","col_offset":4,"lineno":6,"targets":[{"ast_type":"Name","col_offset":4,"ctx":{"ast_type":"Store"},"id":"x","lineno":6}],"value":{"ast_type":"BinOp","col_offset":6,"left":{"ast_type":"Name","col_offset":6,"ctx":{"ast_type":"Load"},"id":"x","lineno":6},"lineno":6,"op":{"ast_type":"Add"},"right":{"ast_type":"Num","col_offset":8,"lineno":6,"n":{"ast_type":"int","n":1,"n_str":"1"}}}}],"col_offset":0,"lineno":2,"orelse":[],"test":{"ast_type":"Name","col_offset":7,"ctx":{"ast_type":"Load"},"id":"true","lineno":2}},{"ast_type":"Assign","col_offset":0,"lineno":7,"targets":[{"ast_type":"Name","col_offset":0,"ctx":{"ast_type":"Store"},"id":"q","lineno":7}],"value":{"args":[{"ast_type":"Name","col_offset":4,"ctx":{"ast_type":"Load"},"id":"c","lineno":7}],"ast_type":"Call","col_offset":2,"func":{"ast_type":"Name","col_offset":2,"ctx":{"ast_type":"Load"},"id":"z","lineno":7},"keywords":[],"kwargs":null,"lineno":7,"starargs":null}}]}
