{"ast_type":"Module","body":[{"ast_type":"Assign","col_offset":0,"lineno":1,"targets":[{"ast_type":"Name","col_offset":0,"ctx":{"ast_type":"Store"},"id":"a","lineno":1}],"value":{"args":[{"ast_type":"Str","col_offset":4,"lineno":1,"s":"ola"}],"ast_type":"Call","col_offset":2,"func":{"ast_type":"Name","col_offset":2,"ctx":{"ast_type":"Load"},"id":"b","lineno":1},"keywords":[],"kwargs":null,"lineno":1,"starargs":null}},{"ast_type":"Expr","col_offset":0,"lineno":2,"value":{"args":[{"ast_type":"Name","col_offset":2,"ctx":{"ast_type":"Load"},"id":"a","lineno":2}],"ast_type":"Call","col_offset":0,"func":{"ast_type":"Name","col_offset":0,"ctx":{"ast_type":"Load"},"id":"c","lineno":2},"keywords":[],"kwargs":null,"lineno":2,"starargs":null}},{"ast_type":"Assign","col_offset":0,"lineno":3,"targets":[{"ast_type":"Name","col_offset":0,"ctx":{"ast_type":"Store"},"id":"d","lineno":3}],"value":{"ast_type":"BinOp","col_offset":2,"left":{"args":[{"ast_type":"Name","col_offset":4,"ctx":{"ast_type":"Load"},"id":"a","lineno":3}],"ast_type":"Call","col_offset":2,"func":{"ast_type":"Name","col_offset":2,"ctx":{"ast_type":"Load"},"id":"e","lineno":3},"keywords":[],"kwargs":null,"lineno":3,"starargs":null},"lineno":3,"op":{"ast_type":"Add"},"right":{"ast_type":"Name","col_offset":7,"ctx":{"ast_type":"Load"},"id":"a","lineno":3}}},{"ast_type":"Expr","col_offset":0,"lineno":4,"value":{"args":[{"ast_type":"Name","col_offset":2,"ctx":{"ast_type":"Load"},"id":"f","lineno":4},{"ast_type":"Name","col_offset":4,"ctx":{"ast_type":"Load"},"id":"a","lineno":4}],"ast_type":"Call","col_offset":0,"func":{"ast_type":"Name","col_offset":0,"ctx":{"ast_type":"Load"},"id":"z","lineno":4},"keywords":[],"kwargs":null,"lineno":4,"starargs":null}}]}
