{
    "ast_type": "Module",
    "body": [
        {
            "ast_type": "Assign",
            "col_offset": 0,
            "end_col_offset": 5,
            "end_lineno": 1,
            "lineno": 1,
            "targets": [
                {
                    "ast_type": "Name",
                    "col_offset": 0,
                    "ctx": {
                        "ast_type": "Store"
                    },
                    "end_col_offset": 1,
                    "end_lineno": 1,
                    "id": "a",
                    "lineno": 1
                }
            ],
            "type_comment": null,
            "value": {
                "args": [],
                "ast_type": "Call",
                "col_offset": 2,
                "end_col_offset": 5,
                "end_lineno": 1,
                "func": {
                    "ast_type": "Name",
                    "col_offset": 2,
                    "ctx": {
                        "ast_type": "Load"
                    },
                    "end_col_offset": 3,
                    "end_lineno": 1,
                    "id": "b",
                    "lineno": 1
                },
                "keywords": [],
                "lineno": 1
            }
        },
        {
            "ast_type": "Assign",
            "col_offset": 0,
            "end_col_offset": 7,
            "end_lineno": 2,
            "lineno": 2,
            "targets": [
                {
                    "ast_type": "Name",
                    "col_offset": 0,
                    "ctx": {
                        "ast_type": "Store"
                    },
                    "end_col_offset": 1,
                    "end_lineno": 2,
                    "id": "b",
                    "lineno": 2
                }
            ],
            "type_comment": null,
            "value": {
                "args": [
                    {
                        "ast_type": "Constant",
                        "col_offset": 4,
                        "end_col_offset": 6,
                        "end_lineno": 2,
                        "kind": null,
                        "lineno": 2,
                        "value": 33
                    }
                ],
                "ast_type": "Call",
                "col_offset": 2,
                "end_col_offset": 7,
                "end_lineno": 2,
                "func": {
                    "ast_type": "Name",
                    "col_offset": 2,
                    "ctx": {
                        "ast_type": "Load"
                    },
                    "end_col_offset": 3,
                    "end_lineno": 2,
                    "id": "c",
                    "lineno": 2
                },
                "keywords": [],
                "lineno": 2
            }
        },
        {
            "ast_type": "Assign",
            "col_offset": 0,
            "end_col_offset": 8,
            "end_lineno": 3,
            "lineno": 3,
            "targets": [
                {
                    "ast_type": "Name",
                    "col_offset": 0,
                    "ctx": {
                        "ast_type": "Store"
                    },
                    "end_col_offset": 1,
                    "end_lineno": 3,
                    "id": "d",
                    "lineno": 3
                }
            ],
            "type_comment": null,
            "value": {
                "args": [
                    {
                        "ast_type": "Name",
                        "col_offset": 4,
                        "ctx": {
                            "ast_type": "Load"
                        },
                        "end_col_offset": 5,
                        "end_lineno": 3,
                        "id": "a",
                        "lineno": 3
                    },
                    {
                        "ast_type": "Name",
                        "col_offset": 6,
                        "ctx": {
                            "ast_type": "Load"
                        },
                        "end_col_offset": 7,
                        "end_lineno": 3,
                        "id": "b",
                        "lineno": 3
                    }
                ],
                "ast_type": "Call",
                "col_offset": 2,
                "end_col_offset": 8,
                "end_lineno": 3,
                "func": {
                    "ast_type": "Name",
                    "col_offset": 2,
                    "ctx": {
                        "ast_type": "Load"
                    },
                    "end_col_offset": 3,
                    "end_lineno": 3,
                    "id": "e",
                    "lineno": 3
                },
                "keywords": [],
                "lineno": 3
            }
        }
    ],
    "type_ignores": []
}
