{"ast_type":"Module","body":[{"ast_type":"Assign","col_offset":0,"lineno":1,"targets":[{"ast_type":"Name","col_offset":0,"ctx":{"ast_type":"Store"},"id":"a","lineno":1}],"value":{"args":[{"ast_type":"Name","col_offset":4,"ctx":{"ast_type":"Load"},"id":"boo","lineno":1}],"ast_type":"Call","col_offset":2,"func":{"ast_type":"Name","col_offset":2,"ctx":{"ast_type":"Load"},"id":"b","lineno":1},"keywords":[],"kwargs":null,"lineno":1,"starargs":null}},{"ast_type":"Assign","col_offset":0,"lineno":2,"targets":[{"ast_type":"Name","col_offset":0,"ctx":{"ast_type":"Store"},"id":"k","lineno":2}],"value":{"ast_type":"Num","col_offset":2,"lineno":2,"n":{"ast_type":"int","n":0,"n_str":"0"}}},{"ast_type":"If","body":[{"ast_type":"Assign","col_offset":3,"lineno":4,"targets":[{"ast_type":"Name","col_offset":3,"ctx":{"ast_type":"Store"},"id":"d","lineno":4}],"value":{"ast_type":"Str","col_offset":5,"lineno":4,"s":"xpto1"}}],"col_offset":0,"lineno":3,"orelse":[{"ast_type":"Assign","col_offset":3,"lineno":6,"targets":[{"ast_type":"Name","col_offset":3,"ctx":{"ast_type":"Store"},"id":"d","lineno":6}],"value":{"ast_type":"Str","col_offset":5,"lineno":6,"s":"xpto2"}}],"test":{"ast_type":"Compare","col_offset":4,"comparators":[{"ast_type":"Name","col_offset":9,"ctx":{"ast_type":"Load"},"id":"a","lineno":3}],"left":{"ast_type":"Name","col_offset":4,"ctx":{"ast_type":"Load"},"id":"c","lineno":3},"lineno":3,"ops":[{"ast_type":"Eq"}]}},{"ast_type":"Expr","col_offset":0,"lineno":7,"value":{"args":[{"ast_type":"Name","col_offset":2,"ctx":{"ast_type":"Load"},"id":"d","lineno":7},{"ast_type":"Str","col_offset":4,"lineno":7,"s":"koneksi"}],"ast_type":"Call","col_offset":0,"func":{"ast_type":"Name","col_offset":0,"ctx":{"ast_type":"Load"},"id":"e","lineno":7},"keywords":[],"kwargs":null,"lineno":7,"starargs":null}}]}
