{
    "ast_type": "Module",
    "body": [
        {
            "ast_type": "Assign",
            "col_offset": 0,
            "end_col_offset": 10,
            "end_lineno": 1,
            "lineno": 1,
            "targets": [
                {
                    "ast_type": "Name",
                    "col_offset": 0,
                    "ctx": {
                        "ast_type": "Store"
                    },
                    "end_col_offset": 1,
                    "end_lineno": 1,
                    "id": "a",
                    "lineno": 1
                }
            ],
            "type_comment": null,
            "value": {
                "args": [
                    {
                        "ast_type": "Constant",
                        "col_offset": 4,
                        "end_col_offset": 9,
                        "end_lineno": 1,
                        "kind": null,
                        "lineno": 1,
                        "value": "nis"
                    }
                ],
                "ast_type": "Call",
                "col_offset": 2,
                "end_col_offset": 10,
                "end_lineno": 1,
                "func": {
                    "ast_type": "Name",
                    "col_offset": 2,
                    "ctx": {
                        "ast_type": "Load"
                    },
                    "end_col_offset": 3,
                    "end_lineno": 1,
                    "id": "b",
                    "lineno": 1
                },
                "keywords": [],
                "lineno": 1
            }
        },
        {
            "ast_type": "Assign",
            "col_offset": 0,
            "end_col_offset": 4,
            "end_lineno": 2,
            "lineno": 2,
            "targets": [
                {
                    "ast_type": "Name",
                    "col_offset": 0,
                    "ctx": {
                        "ast_type": "Store"
                    },
                    "end_col_offset": 1,
                    "end_lineno": 2,
                    "id": "c",
                    "lineno": 2
                }
            ],
            "type_comment": null,
            "value": {
                "ast_type": "Constant",
                "col_offset": 2,
                "end_col_offset": 4,
                "end_lineno": 2,
                "kind": null,
                "lineno": 2,
                "value": ""
            }
        },
        {
            "ast_type": "While",
            "body": [
                {
                    "ast_type": "Assign",
                    "col_offset": 3,
                    "end_col_offset": 16,
                    "end_lineno": 4,
                    "lineno": 4,
                    "targets": [
                        {
                            "ast_type": "Name",
                            "col_offset": 3,
                            "ctx": {
                                "ast_type": "Store"
                            },
                            "end_col_offset": 4,
                            "end_lineno": 4,
                            "id": "c",
                            "lineno": 4
                        }
                    ],
                    "type_comment": null,
                    "value": {
                        "ast_type": "BinOp",
                        "col_offset": 5,
                        "end_col_offset": 16,
                        "end_lineno": 4,
                        "left": {
                            "ast_type": "Name",
                            "col_offset": 5,
                            "ctx": {
                                "ast_type": "Load"
                            },
                            "end_col_offset": 6,
                            "end_lineno": 4,
                            "id": "c",
                            "lineno": 4
                        },
                        "lineno": 4,
                        "op": {
                            "ast_type": "Add"
                        },
                        "right": {
                            "ast_type": "Constant",
                            "col_offset": 9,
                            "end_col_offset": 16,
                            "end_lineno": 4,
                            "kind": null,
                            "lineno": 4,
                            "value": "xpto1"
                        }
                    }
                },
                {
                    "ast_type": "Assign",
                    "col_offset": 3,
                    "end_col_offset": 11,
                    "end_lineno": 5,
                    "lineno": 5,
                    "targets": [
                        {
                            "ast_type": "Name",
                            "col_offset": 3,
                            "ctx": {
                                "ast_type": "Store"
                            },
                            "end_col_offset": 4,
                            "end_lineno": 5,
                            "id": "i",
                            "lineno": 5
                        }
                    ],
                    "type_comment": null,
                    "value": {
                        "args": [
                            {
                                "ast_type": "Name",
                                "col_offset": 9,
                                "ctx": {
                                    "ast_type": "Load"
                                },
                                "end_col_offset": 10,
                                "end_lineno": 5,
                                "id": "i",
                                "lineno": 5
                            }
                        ],
                        "ast_type": "Call",
                        "col_offset": 7,
                        "end_col_offset": 11,
                        "end_lineno": 5,
                        "func": {
                            "ast_type": "Name",
                            "col_offset": 7,
                            "ctx": {
                                "ast_type": "Load"
                            },
                            "end_col_offset": 8,
                            "end_lineno": 5,
                            "id": "t",
                            "lineno": 5
                        },
                        "keywords": [],
                        "lineno": 5
                    }
                }
            ],
            "col_offset": 0,
            "end_col_offset": 11,
            "end_lineno": 5,
            "lineno": 3,
            "orelse": [],
            "test": {
                "ast_type": "Compare",
                "col_offset": 7,
                "comparators": [
                    {
                        "ast_type": "Name",
                        "col_offset": 12,
                        "ctx": {
                            "ast_type": "Load"
                        },
                        "end_col_offset": 13,
                        "end_lineno": 3,
                        "id": "a",
                        "lineno": 3
                    }
                ],
                "end_col_offset": 13,
                "end_lineno": 3,
                "left": {
                    "ast_type": "Name",
                    "col_offset": 7,
                    "ctx": {
                        "ast_type": "Load"
                    },
                    "end_col_offset": 8,
                    "end_lineno": 3,
                    "id": "i",
                    "lineno": 3
                },
                "lineno": 3,
                "ops": [
                    {
                        "ast_type": "Eq"
                    }
                ]
            }
        },
        {
            "ast_type": "Expr",
            "col_offset": 0,
            "end_col_offset": 12,
            "end_lineno": 6,
            "lineno": 6,
            "value": {
                "args": [
                    {
                        "args": [
                            {
                                "ast_type": "Constant",
                                "col_offset": 4,
                                "end_col_offset": 8,
                                "end_lineno": 6,
                                "kind": null,
                                "lineno": 6,
                                "value": "oi"
                            },
                            {
                                "ast_type": "Name",
                                "col_offset": 9,
                                "ctx": {
                                    "ast_type": "Load"
                                },
                                "end_col_offset": 10,
                                "end_lineno": 6,
                                "id": "c",
                                "lineno": 6
                            }
                        ],
                        "ast_type": "Call",
                        "col_offset": 2,
                        "end_col_offset": 11,
                        "end_lineno": 6,
                        "func": {
                            "ast_type": "Name",
                            "col_offset": 2,
                            "ctx": {
                                "ast_type": "Load"
                            },
                            "end_col_offset": 3,
                            "end_lineno": 6,
                            "id": "s",
                            "lineno": 6
                        },
                        "keywords": [],
                        "lineno": 6
                    }
                ],
                "ast_type": "Call",
                "col_offset": 0,
                "end_col_offset": 12,
                "end_lineno": 6,
                "func": {
                    "ast_type": "Name",
                    "col_offset": 0,
                    "ctx": {
                        "ast_type": "Load"
                    },
                    "end_col_offset": 1,
                    "end_lineno": 6,
                    "id": "w",
                    "lineno": 6
                },
                "keywords": [],
                "lineno": 6
            }
        }
    ],
    "type_ignores": []
}
