{"ast_type":"Module","body":[{"ast_type":"Assign","col_offset":0,"lineno":1,"targets":[{"ast_type":"Name","col_offset":0,"ctx":{"ast_type":"Store"},"id":"a","lineno":1}],"value":{"args":[{"ast_type":"Str","col_offset":4,"lineno":1,"s":"nis"}],"ast_type":"Call","col_offset":2,"func":{"ast_type":"Name","col_offset":2,"ctx":{"ast_type":"Load"},"id":"b","lineno":1},"keywords":[],"kwargs":null,"lineno":1,"starargs":null}},{"ast_type":"Assign","col_offset":0,"lineno":2,"targets":[{"ast_type":"Name","col_offset":0,"ctx":{"ast_type":"Store"},"id":"c","lineno":2}],"value":{"ast_type":"Str","col_offset":2,"lineno":2,"s":""}},{"ast_type":"While","body":[{"ast_type":"Assign","col_offset":3,"lineno":4,"targets":[{"ast_type":"Name","col_offset":3,"ctx":{"ast_type":"Store"},"id":"c","lineno":4}],"value":{"ast_type":"BinOp","col_offset":5,"left":{"ast_type":"Name","col_offset":5,"ctx":{"ast_type":"Load"},"id":"c","lineno":4},"lineno":4,"op":{"ast_type":"Add"},"right":{"ast_type":"Str","col_offset":9,"lineno":4,"s":"xpto1"}}},{"ast_type":"Assign","col_offset":3,"lineno":5,"targets":[{"ast_type":"Name","col_offset":3,"ctx":{"ast_type":"Store"},"id":"i","lineno":5}],"value":{"args":[{"ast_type":"Name","col_offset":9,"ctx":{"ast_type":"Load"},"id":"i","lineno":5}],"ast_type":"Call","col_offset":7,"func":{"ast_type":"Name","col_offset":7,"ctx":{"ast_type":"Load"},"id":"t","lineno":5},"keywords":[],"kwargs":null,"lineno":5,"starargs":null}}],"col_offset":0,"lineno":3,"orelse":[],"test":{"ast_type":"Compare","col_offset":7,"comparators":[{"ast_type":"Name","col_offset":12,"ctx":{"ast_type":"Load"},"id":"a","lineno":3}],"left":{"ast_type":"Name","col_offset":7,"ctx":{"ast_type":"Load"},"id":"i","lineno":3},"lineno":3,"ops":[{"ast_type":"Eq"}]}},{"ast_type":"Expr","col_offset":0,"lineno":6,"value":{"args":[{"args":[{"ast_type":"Str","col_offset":4,"lineno":6,"s":"oi"},{"ast_type":"Name","col_offset":9,"ctx":{"ast_type":"Load"},"id":"c","lineno":6}],"ast_type":"Call","col_offset":2,"func":{"ast_type":"Name","col_offset":2,"ctx":{"ast_type":"Load"},"id":"s","lineno":6},"keywords":[],"kwargs":null,"lineno":6,"starargs":null}],"ast_type":"Call","col_offset":0,"func":{"ast_type":"Name","col_offset":0,"ctx":{"ast_type":"Load"},"id":"w","lineno":6},"keywords":[],"kwargs":null,"lineno":6,"starargs":null}}]}
