{"ast_type":"Module","body":[{"ast_type":"Assign","col_offset":0,"lineno":1,"targets":[{"ast_type":"Name","col_offset":0,"ctx":{"ast_type":"Store"},"id":"a","lineno":1}],"value":{"args":[{"ast_type":"Str","col_offset":4,"lineno":1,"s":"nis"}],"ast_type":"Call","col_offset":2,"func":{"ast_type":"Name","col_offset":2,"ctx":{"ast_type":"Load"},"id":"b","lineno":1},"keywords":[],"kwargs":null,"lineno":1,"starargs":null}},{"ast_type":"Assign","col_offset":0,"lineno":2,"targets":[{"ast_type":"Name","col_offset":0,"ctx":{"ast_type":"Store"},"id":"c","lineno":2}],"value":{"args":[{"ast_type":"Str","col_offset":4,"lineno":2,"s":"oi"}],"ast_type":"Call","col_offset":2,"func":{"ast_type":"Name","col_offset":2,"ctx":{"ast_type":"Load"},"id":"d","lineno":2},"keywords":[],"kwargs":null,"lineno":2,"starargs":null}},{"ast_type":"Assign","col_offset":0,"lineno":3,"targets":[{"ast_type":"Name","col_offset":0,"ctx":{"ast_type":"Store"},"id":"i","lineno":3}],"value":{"ast_type":"Str","col_offset":2,"lineno":3,"s":""}},{"ast_type":"While","body":[{"ast_type":"Assign","col_offset":4,"lineno":5,"targets":[{"ast_type":"Name","col_offset":4,"ctx":{"ast_type":"Store"},"id":"f","lineno":5}],"value":{"args":[{"ast_type":"Name","col_offset":10,"ctx":{"ast_type":"Load"},"id":"c","lineno":5},{"ast_type":"Num","col_offset":12,"lineno":5,"n":{"ast_type":"int","n":0,"n_str":"0"}},{"ast_type":"Num","col_offset":14,"lineno":5,"n":{"ast_type":"int","n":1,"n_str":"1"}}],"ast_type":"Call","col_offset":8,"func":{"ast_type":"Name","col_offset":8,"ctx":{"ast_type":"Load"},"id":"s","lineno":5},"keywords":[],"kwargs":null,"lineno":5,"starargs":null}},{"ast_type":"If","body":[{"ast_type":"Assign","col_offset":8,"lineno":8,"targets":[{"ast_type":"Name","col_offset":8,"ctx":{"ast_type":"Store"},"id":"i","lineno":8}],"value":{"ast_type":"BinOp","col_offset":12,"left":{"ast_type":"Name","col_offset":12,"ctx":{"ast_type":"Load"},"id":"i","lineno":8},"lineno":8,"op":{"ast_type":"Add"},"right":{"ast_type":"Str","col_offset":16,"lineno":8,"s":"'"}}}],"col_offset":4,"lineno":7,"orelse":[{"ast_type":"Assign","col_offset":8,"lineno":10,"targets":[{"ast_type":"Name","col_offset":8,"ctx":{"ast_type":"Store"},"id":"i","lineno":10}],"value":{"ast_type":"BinOp","col_offset":12,"left":{"ast_type":"Name","col_offset":12,"ctx":{"ast_type":"Load"},"id":"i","lineno":10},"lineno":10,"op":{"ast_type":"Add"},"right":{"ast_type":"Str","col_offset":16,"lineno":10,"s":" "}}}],"test":{"ast_type":"Compare","col_offset":8,"comparators":[{"ast_type":"Str","col_offset":11,"lineno":7,"s":"a"}],"left":{"ast_type":"Name","col_offset":8,"ctx":{"ast_type":"Load"},"id":"f","lineno":7},"lineno":7,"ops":[{"ast_type":"Eq"}]}},{"ast_type":"Assign","col_offset":4,"lineno":11,"targets":[{"ast_type":"Name","col_offset":4,"ctx":{"ast_type":"Store"},"id":"a","lineno":11}],"value":{"args":[{"ast_type":"Name","col_offset":10,"ctx":{"ast_type":"Load"},"id":"a","lineno":11},{"ast_type":"Num","col_offset":12,"lineno":11,"n":{"ast_type":"int","n":1,"n_str":"1"}}],"ast_type":"Call","col_offset":8,"func":{"ast_type":"Name","col_offset":8,"ctx":{"ast_type":"Load"},"id":"s","lineno":11},"keywords":[],"kwargs":null,"lineno":11,"starargs":null}}],"col_offset":0,"lineno":4,"orelse":[],"test":{"ast_type":"Compare","col_offset":7,"comparators":[{"ast_type":"Str","col_offset":12,"lineno":4,"s":""}],"left":{"ast_type":"Name","col_offset":7,"ctx":{"ast_type":"Load"},"id":"a","lineno":4},"lineno":4,"ops":[{"ast_type":"NotEq"}]}},{"ast_type":"Expr","col_offset":0,"lineno":12,"value":{"args":[{"ast_type":"Num","col_offset":2,"lineno":12,"n":{"ast_type":"int","n":0,"n_str":"0"}},{"ast_type":"Name","col_offset":4,"ctx":{"ast_type":"Load"},"id":"i","lineno":12}],"ast_type":"Call","col_offset":0,"func":{"ast_type":"Name","col_offset":0,"ctx":{"ast_type":"Load"},"id":"z","lineno":12},"keywords":[],"kwargs":null,"lineno":12,"starargs":null}}]}
